file,fat tree,DragonFly+,HyperX
gpt_7B-world_size4096-tp4-pp1-ep1-gbs8192-mbs1-seq4096-MOE-False-GEMM-False-flash_attn-False_pp_only,0,0,0
gpt_7B-world_size64-tp4-pp2-ep1-gbs2048-mbs1-seq2048-MOE-False-GEMM-False-flash_attn-False_pp_only,2147483648,5368709120,3221225472
gpt_7B-world_size128-tp4-pp4-ep1-gbs4096-mbs1-seq2048-MOE-False-GEMM-False-flash_attn-False_pp_only,6442450944,16106127360,9663676416
gpt_13B-world_size128-tp2-pp4-ep1-gbs4096-mbs2-seq2048-MOE-False-GEMM-False-flash_attn-False_pp_only,8053063680,20132659200,12079595520
gpt_7B-world_size256-tp4-pp4-ep1-gbs2048-mbs1-seq8192-MOE-False-GEMM-False-flash_attn-False_pp_only,12884901888,32212254720,19327352832
gpt_13B-world_size256-tp4-pp4-ep1-gbs4096-mbs1-seq4096-MOE-False-GEMM-False-flash_attn-True_pp_only,16106127360,40265318400,24159191040
gpt_13B-world_size256-tp4-pp4-ep1-gbs4096-mbs1-seq2048-MOE-False-GEMM-False-flash_attn-False_pp_only,16106127360,40265318400,24159191040
gpt_7B-world_size512-tp32-pp2-ep1-gbs1024-mbs1-seq4096-MOE-False-GEMM-False-flash_attn-False_pp_only,17179869184,42949672960,25769803776
gpt_7B-world_size512-tp8-pp2-ep1-gbs1024-mbs1-seq4096-MOE-False-GEMM-False-flash_attn-False_pp_only,17179869184,42949672960,25769803776
llama_405B-world_size512-tp32-pp2-ep1-gbs1024-mbs1-seq4096-MOE-False-GEMM-False-flash_attn-True_pp_only,17179869184,42949672960,25769803776
gpt_7B-world_size512-tp4-pp2-ep1-gbs1024-mbs1-seq4096-MOE-False-GEMM-False-flash_attn-False_pp_only,17179869184,42949672960,25769803776
llama_405B-world_size512-tp8-pp2-ep1-gbs1024-mbs1-seq4096-MOE-False-GEMM-False-flash_attn-True_pp_only,17179869184,42949672960,25769803776
llama_405B-world_size512-tp16-pp2-ep1-gbs1024-mbs1-seq4096-MOE-False-GEMM-False-flash_attn-True_pp_only,17179869184,42949672960,25769803776
gpt_7B-world_size512-tp16-pp2-ep1-gbs1024-mbs1-seq4096-MOE-False-GEMM-False-flash_attn-False_pp_only,17179869184,42949672960,25769803776
llama_65B-world_size512-tp16-pp2-ep1-gbs1024-mbs1-seq4096-MOE-False-GEMM-False-flash_attn-True_pp_only,17179869184,42949672960,25769803776
llama_65B-world_size512-tp32-pp2-ep1-gbs1024-mbs1-seq4096-MOE-False-GEMM-False-flash_attn-True_pp_only,17179869184,42949672960,25769803776
llama_65B-world_size512-tp8-pp2-ep1-gbs1024-mbs1-seq4096-MOE-False-GEMM-False-flash_attn-True_pp_only,17179869184,42949672960,25769803776
gpt_13B-world_size512-tp16-pp2-ep1-gbs1024-mbs1-seq4096-MOE-False-GEMM-False-flash_attn-False_pp_only,21474836480,53687091200,32212254720
gpt_13B-world_size512-tp16-pp2-ep1-gbs4096-mbs1-seq2048-MOE-False-GEMM-False-flash_attn-False_pp_only,21474836480,53687091200,32212254720
gpt_13B-world_size512-tp32-pp2-ep1-gbs1024-mbs1-seq4096-MOE-False-GEMM-False-flash_attn-False_pp_only,21474836480,53687091200,32212254720
gpt_13B-world_size512-tp8-pp2-ep1-gbs1024-mbs1-seq4096-MOE-False-GEMM-False-flash_attn-False_pp_only,21474836480,53687091200,32212254720
gpt_7B-world_size512-tp32-pp4-ep1-gbs1024-mbs1-seq4096-MOE-False-GEMM-False-flash_attn-False_pp_only,25769803776,64424509440,38654705664
llama_65B-world_size512-tp8-pp4-ep1-gbs1024-mbs1-seq4096-MOE-False-GEMM-False-flash_attn-True_pp_only,25769803776,64424509440,38654705664
gpt_7B-world_size512-tp4-pp4-ep1-gbs1024-mbs1-seq4096-MOE-False-GEMM-False-flash_attn-False_pp_only,25769803776,64424509440,38654705664
gpt_22B-world_size512-tp8-pp2-ep1-gbs1024-mbs1-seq4096-MOE-False-GEMM-False-flash_attn-False_pp_only,25769803776,64424509440,38654705664
gpt_22B-world_size512-tp32-pp2-ep1-gbs1024-mbs1-seq4096-MOE-False-GEMM-False-flash_attn-False_pp_only,25769803776,64424509440,38654705664
gpt_7B-world_size512-tp8-pp4-ep1-gbs1024-mbs1-seq4096-MOE-False-GEMM-False-flash_attn-False_pp_only,25769803776,64424509440,38654705664
gpt_7B-world_size512-tp16-pp4-ep1-gbs1024-mbs1-seq4096-MOE-False-GEMM-False-flash_attn-False_pp_only,25769803776,64424509440,38654705664
gpt_22B-world_size512-tp16-pp2-ep1-gbs1024-mbs1-seq4096-MOE-False-GEMM-False-flash_attn-False_pp_only,25769803776,64424509440,38654705664
llama_65B-world_size512-tp16-pp4-ep1-gbs1024-mbs1-seq4096-MOE-False-GEMM-False-flash_attn-True_pp_only,25769803776,64424509440,38654705664
llama_65B-world_size512-tp32-pp4-ep1-gbs1024-mbs1-seq4096-MOE-False-GEMM-False-flash_attn-True_pp_only,25769803776,64424509440,38654705664
llama_405B-world_size512-tp8-pp4-ep1-gbs1024-mbs1-seq4096-MOE-False-GEMM-False-flash_attn-True_pp_only,25769803776,64424509440,38654705664
llama_405B-world_size512-tp16-pp4-ep1-gbs1024-mbs1-seq4096-MOE-False-GEMM-False-flash_attn-True_pp_only,25769803776,64424509440,38654705664
llama_405B-world_size512-tp32-pp4-ep1-gbs1024-mbs1-seq4096-MOE-False-GEMM-False-flash_attn-True_pp_only,25769803776,64424509440,38654705664
gpt_13B-world_size512-tp8-pp4-ep1-gbs1024-mbs1-seq4096-MOE-False-GEMM-False-flash_attn-False_pp_only,32212254720,80530636800,48318382080
gpt_13B-world_size512-tp32-pp4-ep1-gbs1024-mbs1-seq4096-MOE-False-GEMM-False-flash_attn-False_pp_only,32212254720,80530636800,48318382080
gpt_13B-world_size512-tp16-pp4-ep1-gbs1024-mbs1-seq4096-MOE-False-GEMM-False-flash_attn-False_pp_only,32212254720,80530636800,48318382080
llama_405B-world_size512-tp8-pp8-ep1-gbs1024-mbs1-seq4096-MOE-False-GEMM-False-flash_attn-True_pp_only,30064771072,75161927680,51539607552
gpt_7B-world_size1024-tp8-pp2-ep1-gbs2048-mbs1-seq4096-MOE-False-GEMM-False-flash_attn-False_pp_only,103079215104,85899345920,51539607552
gpt_7B-world_size1024-tp4-pp2-ep1-gbs2048-mbs1-seq4096-MOE-False-GEMM-False-flash_attn-False_pp_only,103079215104,85899345920,51539607552
llama_65B-world_size512-tp16-pp8-ep1-gbs1024-mbs1-seq4096-MOE-False-GEMM-False-flash_attn-True_pp_only,30064771072,75161927680,51539607552
llama_65B-world_size1024-tp8-pp2-ep1-gbs2048-mbs1-seq4096-MOE-False-GEMM-False-flash_attn-True_pp_only,103079215104,85899345920,51539607552
gpt_7B-world_size1024-tp16-pp2-ep1-gbs2048-mbs1-seq4096-MOE-False-GEMM-False-flash_attn-False_pp_only,103079215104,85899345920,51539607552
llama_65B-world_size512-tp32-pp8-ep1-gbs1024-mbs1-seq4096-MOE-False-GEMM-False-flash_attn-True_pp_only,30064771072,75161927680,51539607552
gpt_7B-world_size1024-tp32-pp2-ep1-gbs2048-mbs1-seq4096-MOE-False-GEMM-False-flash_attn-False_pp_only,103079215104,85899345920,51539607552
llama_65B-world_size1024-tp32-pp2-ep1-gbs2048-mbs1-seq4096-MOE-False-GEMM-False-flash_attn-True_pp_only,103079215104,85899345920,51539607552
llama_65B-world_size512-tp8-pp8-ep1-gbs1024-mbs1-seq4096-MOE-False-GEMM-False-flash_attn-True_pp_only,30064771072,75161927680,51539607552
llama_405B-world_size1024-tp8-pp2-ep1-gbs2048-mbs1-seq4096-MOE-False-GEMM-False-flash_attn-True_pp_only,103079215104,85899345920,51539607552
gpt_7B-world_size512-tp16-pp8-ep1-gbs1024-mbs1-seq4096-MOE-False-GEMM-False-flash_attn-False_pp_only,30064771072,75161927680,51539607552
llama_405B-world_size512-tp32-pp8-ep1-gbs1024-mbs1-seq4096-MOE-False-GEMM-False-flash_attn-True_pp_only,30064771072,75161927680,51539607552
gpt_7B-world_size512-tp32-pp8-ep1-gbs1024-mbs1-seq4096-MOE-False-GEMM-False-flash_attn-False_pp_only,30064771072,75161927680,51539607552
llama_405B-world_size512-tp16-pp8-ep1-gbs1024-mbs1-seq4096-MOE-False-GEMM-False-flash_attn-True_pp_only,30064771072,75161927680,51539607552
gpt_7B-world_size512-tp4-pp8-ep1-gbs1024-mbs1-seq4096-MOE-False-GEMM-False-flash_attn-False_pp_only,30064771072,75161927680,51539607552
gpt_7B-world_size512-tp8-pp8-ep1-gbs1024-mbs1-seq4096-MOE-False-GEMM-False-flash_attn-False_pp_only,30064771072,75161927680,51539607552
llama_405B-world_size1024-tp16-pp2-ep1-gbs2048-mbs1-seq4096-MOE-False-GEMM-False-flash_attn-True_pp_only,103079215104,85899345920,51539607552
llama_405B-world_size1024-tp32-pp2-ep1-gbs2048-mbs1-seq4096-MOE-False-GEMM-False-flash_attn-True_pp_only,103079215104,85899345920,51539607552
llama_65B-world_size1024-tp16-pp2-ep1-gbs2048-mbs1-seq4096-MOE-False-GEMM-False-flash_attn-True_pp_only,103079215104,85899345920,51539607552
gpt_22B-world_size512-tp8-pp4-ep1-gbs1024-mbs1-seq4096-MOE-False-GEMM-False-flash_attn-False_pp_only,38654705664,96636764160,57982058496
gpt_22B-world_size512-tp32-pp4-ep1-gbs1024-mbs1-seq4096-MOE-False-GEMM-False-flash_attn-False_pp_only,38654705664,96636764160,57982058496
gpt_22B-world_size512-tp16-pp4-ep1-gbs1024-mbs1-seq4096-MOE-False-GEMM-False-flash_attn-False_pp_only,38654705664,96636764160,57982058496
gpt_13B-world_size1024-tp16-pp2-ep1-gbs2048-mbs1-seq4096-MOE-False-GEMM-False-flash_attn-False_pp_only,128849018880,107374182400,64424509440
gpt_13B-world_size1024-tp32-pp2-ep1-gbs2048-mbs1-seq4096-MOE-False-GEMM-False-flash_attn-False_pp_only,128849018880,107374182400,64424509440
gpt_13B-world_size1024-tp8-pp2-ep1-gbs2048-mbs1-seq4096-MOE-False-GEMM-False-flash_attn-False_pp_only,128849018880,107374182400,64424509440
gpt_13B-world_size512-tp16-pp8-ep1-gbs1024-mbs1-seq4096-MOE-False-GEMM-False-flash_attn-False_pp_only,37580963840,93952409600,64424509440
gpt_13B-world_size512-tp32-pp8-ep1-gbs1024-mbs1-seq4096-MOE-False-GEMM-False-flash_attn-False_pp_only,37580963840,93952409600,64424509440
gpt_13B-world_size512-tp4-pp8-ep1-gbs8192-mbs1-seq4096-MOE-False-GEMM-False-flash_attn-False_pp_only,37580963840,93952409600,64424509440
gpt_13B-world_size512-tp8-pp8-ep1-gbs1024-mbs1-seq4096-MOE-False-GEMM-False-flash_attn-False_pp_only,37580963840,93952409600,64424509440
gpt_22B-world_size1024-tp16-pp2-ep1-gbs2048-mbs1-seq4096-MOE-False-GEMM-False-flash_attn-False_pp_only,154618822656,128849018880,77309411328
gpt_175B-world_size512-tp32-pp2-ep1-gbs1024-mbs1-seq4096-MOE-False-GEMM-False-flash_attn-False_pp_only,51539607552,128849018880,77309411328
gpt_22B-world_size512-tp8-pp8-ep1-gbs1024-mbs1-seq4096-MOE-False-GEMM-False-flash_attn-False_pp_only,45097156608,112742891520,77309411328
gpt_175B-world_size512-tp16-pp2-ep1-gbs1024-mbs1-seq4096-MOE-False-GEMM-False-flash_attn-False_pp_only,51539607552,128849018880,77309411328
gpt_7B-world_size1024-tp32-pp4-ep1-gbs2048-mbs1-seq4096-MOE-False-GEMM-False-flash_attn-False_pp_only,85899345920,128849018880,77309411328
gpt_7B-world_size1024-tp4-pp4-ep1-gbs2048-mbs1-seq4096-MOE-False-GEMM-False-flash_attn-False_pp_only,85899345920,128849018880,77309411328
gpt_7B-world_size1024-tp8-pp4-ep1-gbs2048-mbs1-seq4096-MOE-False-GEMM-False-flash_attn-False_pp_only,85899345920,128849018880,77309411328
llama_405B-world_size1024-tp32-pp4-ep1-gbs2048-mbs1-seq4096-MOE-False-GEMM-False-flash_attn-True_pp_only,85899345920,128849018880,77309411328
gpt_22B-world_size512-tp8-pp16-ep1-gbs4096-mbs1-seq4096-MOE-False-GEMM-False-flash_attn-False_pp_only,48318382080,120795955200,77309411328
llama_405B-world_size1024-tp8-pp4-ep1-gbs2048-mbs1-seq4096-MOE-False-GEMM-False-flash_attn-True_pp_only,85899345920,128849018880,77309411328
llama_65B-world_size1024-tp16-pp4-ep1-gbs2048-mbs1-seq4096-MOE-False-GEMM-False-flash_attn-True_pp_only,85899345920,128849018880,77309411328
llama_65B-world_size1024-tp32-pp4-ep1-gbs2048-mbs1-seq4096-MOE-False-GEMM-False-flash_attn-True_pp_only,85899345920,128849018880,77309411328
llama_65B-world_size1024-tp8-pp4-ep1-gbs2048-mbs1-seq4096-MOE-False-GEMM-False-flash_attn-True_pp_only,85899345920,128849018880,77309411328
llama_405B-world_size1024-tp16-pp4-ep1-gbs2048-mbs1-seq4096-MOE-False-GEMM-False-flash_attn-True_pp_only,85899345920,128849018880,77309411328
gpt_22B-world_size512-tp32-pp8-ep1-gbs1024-mbs1-seq4096-MOE-False-GEMM-False-flash_attn-False_pp_only,45097156608,112742891520,77309411328
gpt_7B-world_size1024-tp16-pp4-ep1-gbs2048-mbs1-seq4096-MOE-False-GEMM-False-flash_attn-False_pp_only,85899345920,128849018880,77309411328
gpt_22B-world_size1024-tp32-pp2-ep1-gbs2048-mbs1-seq4096-MOE-False-GEMM-False-flash_attn-False_pp_only,154618822656,128849018880,77309411328
gpt_175B-world_size512-tp8-pp2-ep1-gbs1024-mbs1-seq4096-MOE-False-GEMM-False-flash_attn-False_pp_only,51539607552,128849018880,77309411328
gpt_22B-world_size1024-tp8-pp2-ep1-gbs2048-mbs1-seq4096-MOE-False-GEMM-False-flash_attn-False_pp_only,154618822656,128849018880,77309411328
gpt_22B-world_size512-tp16-pp8-ep1-gbs1024-mbs1-seq4096-MOE-False-GEMM-False-flash_attn-False_pp_only,45097156608,112742891520,77309411328
llama_65B-world_size1024-tp32-pp8-ep1-gbs2048-mbs1-seq4096-MOE-False-GEMM-False-flash_attn-True_pp_only,77309411328,150323855360,90194313216
llama_65B-world_size1024-tp8-pp8-ep1-gbs2048-mbs1-seq4096-MOE-False-GEMM-False-flash_attn-True_pp_only,77309411328,150323855360,90194313216
llama_405B-world_size1024-tp16-pp8-ep1-gbs2048-mbs1-seq4096-MOE-False-GEMM-False-flash_attn-True_pp_only,77309411328,150323855360,90194313216
gpt_7B-world_size1024-tp8-pp8-ep1-gbs2048-mbs1-seq4096-MOE-False-GEMM-False-flash_attn-False_pp_only,77309411328,150323855360,90194313216
llama_65B-world_size1024-tp16-pp8-ep1-gbs2048-mbs1-seq4096-MOE-False-GEMM-False-flash_attn-True_pp_only,77309411328,150323855360,90194313216
gpt_7B-world_size1024-tp16-pp8-ep1-gbs2048-mbs1-seq4096-MOE-False-GEMM-False-flash_attn-False_pp_only,77309411328,150323855360,90194313216
llama_405B-world_size1024-tp8-pp8-ep1-gbs2048-mbs1-seq4096-MOE-False-GEMM-False-flash_attn-True_pp_only,77309411328,150323855360,90194313216
gpt_7B-world_size1024-tp32-pp8-ep1-gbs2048-mbs1-seq4096-MOE-False-GEMM-False-flash_attn-False_pp_only,77309411328,150323855360,90194313216
llama_405B-world_size1024-tp32-pp8-ep1-gbs2048-mbs1-seq4096-MOE-False-GEMM-False-flash_attn-True_pp_only,77309411328,150323855360,90194313216
gpt_7B-world_size1024-tp4-pp8-ep1-gbs2048-mbs1-seq4096-MOE-False-GEMM-False-flash_attn-False_pp_only,77309411328,150323855360,90194313216
gpt_13B-world_size1024-tp8-pp4-ep1-gbs2048-mbs1-seq4096-MOE-False-GEMM-False-flash_attn-False_pp_only,107374182400,161061273600,96636764160
gpt_13B-world_size1024-tp32-pp4-ep1-gbs2048-mbs1-seq4096-MOE-False-GEMM-False-flash_attn-False_pp_only,107374182400,161061273600,96636764160
gpt_13B-world_size1024-tp16-pp4-ep1-gbs2048-mbs1-seq4096-MOE-False-GEMM-False-flash_attn-False_pp_only,107374182400,161061273600,96636764160
llama_405B-world_size2048-tp32-pp2-ep1-gbs4096-mbs1-seq4096-MOE-False-GEMM-False-flash_attn-True_pp_only,206158430208,171798691840,103079215104
llama_65B-world_size2048-tp32-pp2-ep1-gbs4096-mbs1-seq4096-MOE-False-GEMM-False-flash_attn-True_pp_only,206158430208,171798691840,103079215104
llama_65B-world_size2048-tp16-pp2-ep1-gbs4096-mbs1-seq4096-MOE-False-GEMM-False-flash_attn-True_pp_only,206158430208,171798691840,103079215104
llama_405B-world_size2048-tp16-pp2-ep1-gbs4096-mbs1-seq4096-MOE-False-GEMM-False-flash_attn-True_pp_only,206158430208,171798691840,103079215104
gpt_7B-world_size2048-tp8-pp2-ep1-gbs4096-mbs1-seq4096-MOE-False-GEMM-False-flash_attn-False_pp_only,206158430208,171798691840,103079215104
llama_65B-world_size2048-tp8-pp2-ep1-gbs4096-mbs1-seq4096-MOE-False-GEMM-False-flash_attn-True_pp_only,206158430208,171798691840,103079215104
gpt_7B-world_size2048-tp4-pp2-ep1-gbs4096-mbs1-seq4096-MOE-False-GEMM-False-flash_attn-False_pp_only,206158430208,171798691840,103079215104
gpt_7B-world_size2048-tp32-pp2-ep1-gbs4096-mbs1-seq4096-MOE-False-GEMM-False-flash_attn-False_pp_only,206158430208,171798691840,103079215104
gpt_7B-world_size2048-tp16-pp2-ep1-gbs4096-mbs1-seq4096-MOE-False-GEMM-False-flash_attn-False_pp_only,206158430208,171798691840,103079215104
llama_405B-world_size2048-tp8-pp2-ep1-gbs4096-mbs1-seq4096-MOE-False-GEMM-False-flash_attn-True_pp_only,206158430208,171798691840,103079215104
gpt_13B-world_size1024-tp32-pp8-ep1-gbs2048-mbs1-seq4096-MOE-False-GEMM-False-flash_attn-False_pp_only,96636764160,187904819200,112742891520
gpt_13B-world_size1024-tp8-pp8-ep1-gbs2048-mbs1-seq4096-MOE-False-GEMM-False-flash_attn-False_pp_only,96636764160,187904819200,112742891520
gpt_13B-world_size1024-tp16-pp8-ep1-gbs2048-mbs1-seq4096-MOE-False-GEMM-False-flash_attn-False_pp_only,96636764160,187904819200,112742891520
gpt_22B-world_size1024-tp32-pp4-ep1-gbs2048-mbs1-seq4096-MOE-False-GEMM-False-flash_attn-False_pp_only,128849018880,193273528320,115964116992
gpt_175B-world_size512-tp32-pp4-ep1-gbs1024-mbs1-seq4096-MOE-False-GEMM-False-flash_attn-False_pp_only,77309411328,193273528320,115964116992
gpt_22B-world_size1024-tp8-pp4-ep1-gbs2048-mbs1-seq4096-MOE-False-GEMM-False-flash_attn-False_pp_only,128849018880,193273528320,115964116992
gpt_175B-world_size512-tp8-pp4-ep1-gbs1024-mbs1-seq4096-MOE-False-GEMM-False-flash_attn-False_pp_only,77309411328,193273528320,115964116992
gpt_175B-world_size512-tp16-pp4-ep1-gbs1024-mbs1-seq4096-MOE-False-GEMM-False-flash_attn-False_pp_only,77309411328,193273528320,115964116992
gpt_22B-world_size1024-tp16-pp4-ep1-gbs2048-mbs1-seq4096-MOE-False-GEMM-False-flash_attn-False_pp_only,128849018880,193273528320,115964116992
gpt_13B-world_size2048-tp32-pp2-ep1-gbs4096-mbs1-seq4096-MOE-False-GEMM-False-flash_attn-False_pp_only,257698037760,214748364800,128849018880
gpt_13B-world_size2048-tp16-pp2-ep1-gbs4096-mbs1-seq4096-MOE-False-GEMM-False-flash_attn-False_pp_only,257698037760,214748364800,128849018880
gpt_13B-world_size2048-tp8-pp2-ep1-gbs4096-mbs1-seq4096-MOE-False-GEMM-False-flash_attn-False_pp_only,257698037760,214748364800,128849018880
gpt_22B-world_size1024-tp8-pp8-ep1-gbs8192-mbs1-seq4096-MOE-False-GEMM-False-flash_attn-False_pp_only,115964116992,225485783040,135291469824
gpt_22B-world_size1024-tp16-pp8-ep1-gbs2048-mbs1-seq4096-MOE-False-GEMM-False-flash_attn-False_pp_only,115964116992,225485783040,135291469824
gpt_22B-world_size1024-tp8-pp8-ep1-gbs2048-mbs1-seq4096-MOE-False-GEMM-False-flash_attn-False_pp_only,115964116992,225485783040,135291469824
gpt_22B-world_size1024-tp32-pp8-ep1-gbs2048-mbs1-seq4096-MOE-False-GEMM-False-flash_attn-False_pp_only,115964116992,225485783040,135291469824
llama_405B-world_size2048-tp16-pp4-ep1-gbs4096-mbs1-seq4096-MOE-False-GEMM-False-flash_attn-True_pp_only,309237645312,257698037760,154618822656
llama_405B-world_size2048-tp8-pp4-ep1-gbs4096-mbs1-seq4096-MOE-False-GEMM-False-flash_attn-True_pp_only,309237645312,257698037760,154618822656
gpt_22B-world_size2048-tp16-pp2-ep1-gbs4096-mbs1-seq4096-MOE-False-GEMM-False-flash_attn-False_pp_only,309237645312,257698037760,154618822656
llama_405B-world_size2048-tp32-pp4-ep1-gbs4096-mbs1-seq4096-MOE-False-GEMM-False-flash_attn-True_pp_only,309237645312,257698037760,154618822656
gpt_175B-world_size512-tp32-pp8-ep1-gbs1024-mbs1-seq4096-MOE-False-GEMM-False-flash_attn-False_pp_only,90194313216,225485783040,154618822656
gpt_175B-world_size1024-tp32-pp2-ep1-gbs2048-mbs1-seq4096-MOE-False-GEMM-False-flash_attn-False_pp_only,309237645312,257698037760,154618822656
gpt_175B-world_size512-tp16-pp8-ep1-gbs1024-mbs1-seq4096-MOE-False-GEMM-False-flash_attn-False_pp_only,90194313216,225485783040,154618822656
gpt_22B-world_size2048-tp8-pp2-ep1-gbs4096-mbs1-seq4096-MOE-False-GEMM-False-flash_attn-False_pp_only,309237645312,257698037760,154618822656
gpt_22B-world_size2048-tp32-pp2-ep1-gbs4096-mbs1-seq4096-MOE-False-GEMM-False-flash_attn-False_pp_only,309237645312,257698037760,154618822656
gpt_7B-world_size2048-tp16-pp4-ep1-gbs4096-mbs1-seq4096-MOE-False-GEMM-False-flash_attn-False_pp_only,309237645312,257698037760,154618822656
gpt_175B-world_size1024-tp16-pp2-ep1-gbs2048-mbs1-seq4096-MOE-False-GEMM-False-flash_attn-False_pp_only,309237645312,257698037760,154618822656
gpt_7B-world_size2048-tp4-pp4-ep1-gbs4096-mbs1-seq4096-MOE-False-GEMM-False-flash_attn-False_pp_only,309237645312,257698037760,154618822656
gpt_7B-world_size2048-tp8-pp4-ep1-gbs4096-mbs1-seq4096-MOE-False-GEMM-False-flash_attn-False_pp_only,309237645312,257698037760,154618822656
gpt_7B-world_size2048-tp32-pp4-ep1-gbs4096-mbs1-seq4096-MOE-False-GEMM-False-flash_attn-False_pp_only,309237645312,257698037760,154618822656
llama_65B-world_size2048-tp16-pp4-ep1-gbs4096-mbs1-seq4096-MOE-False-GEMM-False-flash_attn-True_pp_only,309237645312,257698037760,154618822656
gpt_175B-world_size1024-tp8-pp2-ep1-gbs2048-mbs1-seq4096-MOE-False-GEMM-False-flash_attn-False_pp_only,309237645312,257698037760,154618822656
llama_65B-world_size2048-tp8-pp4-ep1-gbs4096-mbs1-seq4096-MOE-False-GEMM-False-flash_attn-True_pp_only,309237645312,257698037760,154618822656
gpt_175B-world_size512-tp8-pp8-ep1-gbs1024-mbs1-seq4096-MOE-False-GEMM-False-flash_attn-False_pp_only,90194313216,225485783040,154618822656
llama_65B-world_size2048-tp32-pp4-ep1-gbs4096-mbs1-seq4096-MOE-False-GEMM-False-flash_attn-True_pp_only,309237645312,257698037760,154618822656
llama_65B-world_size2048-tp16-pp8-ep1-gbs4096-mbs1-seq4096-MOE-False-GEMM-False-flash_attn-True_pp_only,223338299392,300647710720,180388626432
gpt_7B-world_size2048-tp8-pp8-ep1-gbs4096-mbs1-seq4096-MOE-False-GEMM-False-flash_attn-False_pp_only,223338299392,300647710720,180388626432
llama_65B-world_size2048-tp8-pp8-ep1-gbs4096-mbs1-seq4096-MOE-False-GEMM-False-flash_attn-True_pp_only,223338299392,300647710720,180388626432
gpt_7B-world_size2048-tp4-pp8-ep1-gbs4096-mbs1-seq4096-MOE-False-GEMM-False-flash_attn-False_pp_only,223338299392,300647710720,180388626432
gpt_7B-world_size2048-tp16-pp8-ep1-gbs4096-mbs1-seq4096-MOE-False-GEMM-False-flash_attn-False_pp_only,223338299392,300647710720,180388626432
llama_65B-world_size2048-tp32-pp8-ep1-gbs4096-mbs1-seq4096-MOE-False-GEMM-False-flash_attn-True_pp_only,223338299392,300647710720,180388626432
llama_405B-world_size2048-tp32-pp8-ep1-gbs4096-mbs1-seq4096-MOE-False-GEMM-False-flash_attn-True_pp_only,223338299392,300647710720,180388626432
gpt_7B-world_size2048-tp32-pp8-ep1-gbs4096-mbs1-seq4096-MOE-False-GEMM-False-flash_attn-False_pp_only,223338299392,300647710720,180388626432
llama_405B-world_size2048-tp16-pp8-ep1-gbs4096-mbs1-seq4096-MOE-False-GEMM-False-flash_attn-True_pp_only,223338299392,300647710720,180388626432
llama_405B-world_size2048-tp8-pp8-ep1-gbs4096-mbs1-seq4096-MOE-False-GEMM-False-flash_attn-True_pp_only,223338299392,300647710720,180388626432
gpt_13B-world_size2048-tp8-pp4-ep1-gbs4096-mbs1-seq4096-MOE-False-GEMM-False-flash_attn-False_pp_only,386547056640,322122547200,193273528320
gpt_13B-world_size2048-tp32-pp4-ep1-gbs4096-mbs1-seq4096-MOE-False-GEMM-False-flash_attn-False_pp_only,386547056640,322122547200,193273528320
gpt_13B-world_size2048-tp16-pp4-ep1-gbs4096-mbs1-seq4096-MOE-False-GEMM-False-flash_attn-False_pp_only,386547056640,322122547200,193273528320
gpt_13B-world_size2048-tp32-pp8-ep1-gbs4096-mbs1-seq4096-MOE-False-GEMM-False-flash_attn-False_pp_only,279172874240,375809638400,225485783040
gpt_13B-world_size2048-tp16-pp8-ep1-gbs4096-mbs1-seq4096-MOE-False-GEMM-False-flash_attn-False_pp_only,279172874240,375809638400,225485783040
gpt_13B-world_size2048-tp8-pp8-ep1-gbs4096-mbs1-seq4096-MOE-False-GEMM-False-flash_attn-False_pp_only,279172874240,375809638400,225485783040
gpt_22B-world_size2048-tp16-pp4-ep1-gbs4096-mbs1-seq4096-MOE-False-GEMM-False-flash_attn-False_pp_only,463856467968,386547056640,231928233984
gpt_175B-world_size1024-tp16-pp4-ep1-gbs2048-mbs1-seq4096-MOE-False-GEMM-False-flash_attn-False_pp_only,257698037760,386547056640,231928233984
gpt_175B-world_size1024-tp32-pp4-ep1-gbs2048-mbs1-seq4096-MOE-False-GEMM-False-flash_attn-False_pp_only,257698037760,386547056640,231928233984
gpt_22B-world_size2048-tp8-pp4-ep1-gbs4096-mbs1-seq4096-MOE-False-GEMM-False-flash_attn-False_pp_only,463856467968,386547056640,231928233984
gpt_175B-world_size1024-tp8-pp4-ep1-gbs2048-mbs1-seq4096-MOE-False-GEMM-False-flash_attn-False_pp_only,257698037760,386547056640,231928233984
gpt_22B-world_size2048-tp32-pp4-ep1-gbs4096-mbs1-seq4096-MOE-False-GEMM-False-flash_attn-False_pp_only,463856467968,386547056640,231928233984
gpt_22B-world_size2048-tp8-pp8-ep1-gbs4096-mbs1-seq4096-MOE-False-GEMM-False-flash_attn-False_pp_only,335007449088,450971566080,270582939648
gpt_22B-world_size2048-tp32-pp8-ep1-gbs4096-mbs1-seq4096-MOE-False-GEMM-False-flash_attn-False_pp_only,335007449088,450971566080,270582939648
gpt_22B-world_size2048-tp16-pp8-ep1-gbs4096-mbs1-seq4096-MOE-False-GEMM-False-flash_attn-False_pp_only,335007449088,450971566080,270582939648
gpt_175B-world_size1024-tp8-pp8-ep1-gbs2048-mbs1-seq4096-MOE-False-GEMM-False-flash_attn-False_pp_only,231928233984,450971566080,270582939648
gpt_175B-world_size1024-tp32-pp8-ep1-gbs2048-mbs1-seq4096-MOE-False-GEMM-False-flash_attn-False_pp_only,231928233984,450971566080,270582939648
gpt_175B-world_size1024-tp16-pp8-ep1-gbs2048-mbs1-seq4096-MOE-False-GEMM-False-flash_attn-False_pp_only,231928233984,450971566080,270582939648
gpt_175B-world_size2048-tp8-pp2-ep1-gbs4096-mbs1-seq4096-MOE-False-GEMM-False-flash_attn-False_pp_only,618475290624,515396075520,309237645312
gpt_175B-world_size2048-tp16-pp2-ep1-gbs4096-mbs1-seq4096-MOE-False-GEMM-False-flash_attn-False_pp_only,618475290624,515396075520,309237645312
gpt_175B-world_size2048-tp32-pp2-ep1-gbs4096-mbs1-seq4096-MOE-False-GEMM-False-flash_attn-False_pp_only,618475290624,515396075520,309237645312
gpt_175B-world_size2048-tp32-pp4-ep1-gbs4096-mbs1-seq4096-MOE-False-GEMM-False-flash_attn-False_pp_only,927712935936,773094113280,463856467968
gpt_175B-world_size2048-tp8-pp4-ep1-gbs4096-mbs1-seq4096-MOE-False-GEMM-False-flash_attn-False_pp_only,927712935936,773094113280,463856467968
gpt_175B-world_size2048-tp16-pp4-ep1-gbs4096-mbs1-seq4096-MOE-False-GEMM-False-flash_attn-False_pp_only,927712935936,773094113280,463856467968
gpt_175B-world_size2048-tp16-pp8-ep1-gbs4096-mbs1-seq4096-MOE-False-GEMM-False-flash_attn-False_pp_only,670014898176,901943132160,541165879296
gpt_175B-world_size2048-tp8-pp8-ep1-gbs4096-mbs1-seq4096-MOE-False-GEMM-False-flash_attn-False_pp_only,670014898176,901943132160,541165879296
gpt_175B-world_size2048-tp32-pp8-ep1-gbs4096-mbs1-seq4096-MOE-False-GEMM-False-flash_attn-False_pp_only,670014898176,901943132160,541165879296
gpt_175B-world_size2048-tp8-pp16-ep1-gbs8192-mbs1-seq2048-MOE-False-GEMM-False-flash_attn-False_pp_only,541165879296,966367641600,670014898176
gpt_175B-world_size4096-tp8-pp32-ep1-gbs16384-mbs1-seq4096-MOE-False-GEMM-False-flash_attn-False_pp_only,1159641169920,1997159792640,1288490188800
